code	name	path	element
aventurinewaveflair	砂金•戏浪	欢愉	量子
robinsummeretto	知更鸟•晴歌	记忆	风
himekonova	姬子•启行	智识	火
gilgamesh	吉尔伽美什	毁灭	雷
tohsakarin	远坂凛	智识	量子
mortenaxblade	千冶•刃	虚无	火
silverwolflv999	silverwolflv999	欢愉	虚数
evanescia	绯英	欢愉	物理
ashveil	不死途	巡猎	雷
yaoguang	爻光	欢愉	物理
sparxie	火花	欢愉	火
cyrene	昔涟	记忆	冰
danhengpt	丹恒•腾荒	存护	物理
evernight	长夜月	记忆	冰
cerydra	刻律德菈	同谐	风
hysilens	海瑟音	虚无	物理
hyacine	风堇	记忆	风
phainon	白厄	毁灭	物理
castorice	遐蝶	记忆	量子
cipher	赛飞儿	虚无	量子
anaxa	那刻夏	智识	风
mydei	万敌	毁灭	虚数
tribbie	缇宝	同谐	量子
aglaea	阿格莱雅	记忆	雷
theherta	大黑塔	智识	冰
dahlia	大丽花	虚无	火
rappa	乱破	智识	虚数
boothill	波提欧	巡猎	物理
jade	翡翠	智识	量子
sunday	星期日	同谐	虚数
sam	流萤	毁灭	火
robin	知更鸟	同谐	物理
acheron	黄泉	虚无	雷
blackswan	黑天鹅	虚无	风
sparkle	花火	同谐	量子
drratio	真理医生	巡猎	虚数
aventurine	砂金	存护	虚数
ruanmei	阮•梅	同谐	冰
argenti	银枝	智识	物理
fugue	忘归人	虚无	火
lingsha	灵砂	丰饶	火
yunli	云璃	毁灭	物理
feixiao	飞霄	巡猎	风
jiaoqiu	椒丘	虚无	火
huohuo	藿藿	丰饶	风
danhengil	丹恒•饮月	毁灭	虚数
jingliu	镜流	毁灭	冰
bailu	白露	丰饶	雷
yanqing	彦卿	巡猎	冰
fuxuan	符玄	存护	量子
blade	刃	毁灭	风
jingyuan	景元	智识	雷
luocha	罗刹	丰饶	虚数
topaz	托帕&账账	巡猎	火
clara	克拉拉	毁灭	物理
gepard	杰帕德	存护	冰
seele	希儿	巡猎	量子
bronya	布洛妮娅	同谐	风
archer	Archer	巡猎	量子
saber	Saber	毁灭	风
silverwolf	银狼	虚无	量子
kafka	卡芙卡	虚无	雷
welt	瓦尔特	虚无	虚数
himeko	姬子	智识	火
playerboy	开拓者•毁灭	毁灭	物理
playerboy2	开拓者•存护	存护	火
playerboy3	开拓者•同谐	同谐	虚数
playerboy4	开拓者•记忆	记忆	冰
playerboy5	开拓者•欢愉	欢愉	雷
misha	米沙	毁灭	冰
gallagher	加拉赫	丰饶	火
mar7th2	三月七•巡猎	巡猎	虚数
moze	貊泽	巡猎	雷
hanya	寒鸦	同谐	物理
xueyi	雪衣	毁灭	量子
guinaifen	桂乃芬	虚无	火
yukong	驭空	同谐	虚数
sushang	素裳	巡猎	物理
tingyun	停云	同谐	雷
qingque	青雀	智识	量子
luka	卢卡	虚无	物理
lynx	玲可	丰饶	量子
hook	虎克	毁灭	火
sampo	桑博	虚无	风
pela	佩拉	虚无	冰
natasha	娜塔莎	丰饶	物理
serval	希露瓦	智识	雷
herta	黑塔	智识	冰
asta	艾丝妲	同谐	火
arlan	阿兰	毁灭	雷
danheng	丹恒	巡猎	风
mar7th	三月七•存护	存护	冰