id	name	path	element	camp	artfile
clara	克拉拉	毁灭	物理	贝洛伯格	clara.webp
gepard	杰帕德	存护	冰	贝洛伯格	gepard.webp
seele	希儿	巡猎	量子	贝洛伯格	seele.webp
bronya	布洛妮娅	同谐	风	贝洛伯格	bronya.webp
luka	卢卡	虚无	物理	贝洛伯格	luka.webp
lynx	玲可	丰饶	量子	贝洛伯格	lynx.webp
hook	虎克	毁灭	火	贝洛伯格	hook.webp
sampo	桑博	虚无	风	贝洛伯格	sampo.webp
pela	佩拉	虚无	冰	贝洛伯格	pela.webp
natasha	娜塔莎	丰饶	物理	贝洛伯格	natasha.webp
serval	希露瓦	智识	雷	贝洛伯格	serval.webp
drratio	真理医生	巡猎	虚数	博识学会	drratio.webp
argenti	银枝	智识	物理	纯美骑士团	argenti.webp
evanescia	绯英	欢愉	物理	二相乐园	evanescia.webp
ashveil	不死途	巡猎	雷	二相乐园	ashveil.webp
dahlia	大丽花	虚无	火	焚化工	dahlia.webp
sparxie	火花	欢愉	火	假面愚者	sparxie.webp
sparkle	花火	同谐	量子	假面愚者	sparkle.webp
theherta	大黑塔	智识	冰	空间站「黑塔」	theherta.webp
ruanmei	阮•梅	同谐	冰	空间站「黑塔」	ruanmei.webp
herta	黑塔	智识	冰	空间站「黑塔」	herta.webp
asta	艾丝妲	同谐	火	空间站「黑塔」	asta.webp
arlan	阿兰	毁灭	雷	空间站「黑塔」	arlan.webp
blackswan	黑天鹅	虚无	风	流光忆庭	blackswan.webp
robinsummeretto	知更鸟•晴歌	记忆	风	匹诺康尼	robinsummeretto.webp
sunday	星期日	同谐	虚数	匹诺康尼	sunday.webp
robin	知更鸟	同谐	物理	匹诺康尼	robin.webp
misha	米沙	毁灭	冰	匹诺康尼	misha.webp
gallagher	加拉赫	丰饶	火	匹诺康尼	gallagher.webp
cyrene	昔涟	记忆	冰	翁法罗斯	cyrene.webp
danhengpt	丹恒•腾荒	存护	物理	翁法罗斯	danhengpt.webp
evernight	长夜月	记忆	冰	翁法罗斯	evernight.webp
cerydra	刻律德菈	同谐	风	翁法罗斯	cerydra.webp
hysilens	海瑟音	虚无	物理	翁法罗斯	hysilens.webp
hyacine	风堇	记忆	风	翁法罗斯	hyacine.webp
phainon	白厄	毁灭	物理	翁法罗斯	phainon.webp
castorice	遐蝶	记忆	量子	翁法罗斯	castorice.webp
cipher	赛飞儿	虚无	量子	翁法罗斯	cipher.webp
anaxa	那刻夏	智识	风	翁法罗斯	anaxa.webp
mydei	万敌	毁灭	虚数	翁法罗斯	mydei.webp
tribbie	缇宝	同谐	量子	翁法罗斯	tribbie.webp
aglaea	阿格莱雅	记忆	雷	翁法罗斯	aglaea.webp
fugue	忘归人	虚无	火	仙舟「罗浮」	fugue.webp
lingsha	灵砂	丰饶	火	仙舟「罗浮」	lingsha.webp
huohuo	藿藿	丰饶	风	仙舟「罗浮」	huohuo.webp
danhengil	丹恒•饮月	毁灭	虚数	仙舟「罗浮」	danhengil.webp
jingliu	镜流	毁灭	冰	仙舟「罗浮」	jingliu.webp
bailu	白露	丰饶	雷	仙舟「罗浮」	bailu.webp
yanqing	彦卿	巡猎	冰	仙舟「罗浮」	yanqing.webp
fuxuan	符玄	存护	量子	仙舟「罗浮」	fuxuan.webp
jingyuan	景元	智识	雷	仙舟「罗浮」	jingyuan.webp
luocha	罗刹	丰饶	虚数	仙舟「罗浮」	luocha.webp
hanya	寒鸦	同谐	物理	仙舟「罗浮」	hanya.webp
xueyi	雪衣	毁灭	量子	仙舟「罗浮」	xueyi.webp
guinaifen	桂乃芬	虚无	火	仙舟「罗浮」	guinaifen.webp
yukong	驭空	同谐	虚数	仙舟「罗浮」	yukong.webp
sushang	素裳	巡猎	物理	仙舟「罗浮」	sushang.webp
tingyun	停云	同谐	雷	仙舟「罗浮」	tingyun.webp
qingque	青雀	智识	量子	仙舟「罗浮」	qingque.webp
feixiao	飞霄	巡猎	风	仙舟「曜青」	feixiao.webp
jiaoqiu	椒丘	虚无	火	仙舟「曜青」	jiaoqiu.webp
moze	貊泽	巡猎	雷	仙舟「曜青」	moze.webp
yaoguang	爻光	欢愉	物理	仙舟「玉阙」	yaoguang.webp
yunli	云璃	毁灭	物理	仙舟「朱明」	yunli.webp
mortenaxblade	千冶•刃	虚无	火	星核猎手	mortenaxblade.webp
silverwolflv999	银狼LV.999	欢愉	虚数	星核猎手	silverwolflv999.webp
sam	流萤	毁灭	火	星核猎手	sam.webp
blade	刃	毁灭	风	星核猎手	blade.webp
silverwolf	银狼	虚无	量子	星核猎手	silverwolf.webp
kafka	卡芙卡	虚无	雷	星核猎手	kafka.webp
aventurinewaveflair	砂金•戏浪	欢愉	量子	星际和平公司	aventurinewaveflair.webp
jade	翡翠	智识	量子	星际和平公司	jade.webp
aventurine	砂金	存护	虚数	星际和平公司	aventurine.webp
topaz	托帕&账账	巡猎	火	星际和平公司	topaz.webp
himekonova	姬子•启行	智识	火	星穹列车	himekonova.webp
welt	瓦尔特	虚无	虚数	星穹列车	welt.webp
himeko	姬子	智识	火	星穹列车	himeko.webp
playerboy	开拓者	毁灭	物理	星穹列车	playerboy.webp
playergirl	开拓者	毁灭	物理	星穹列车	playergirl.webp
playerboy2	开拓者	存护	火	星穹列车	playerboy2.webp
playergirl2	开拓者	存护	火	星穹列车	playergirl2.webp
playerboy3	开拓者	同谐	虚数	星穹列车	playerboy3.webp
playergirl3	开拓者	同谐	虚数	星穹列车	playergirl3.webp
playerboy4	开拓者	记忆	冰	星穹列车	playerboy4.webp
playergirl4	开拓者	记忆	冰	星穹列车	playergirl4.webp
playerboy5	开拓者	欢愉	雷	星穹列车	playerboy5.webp
playergirl5	开拓者	欢愉	雷	星穹列车	playergirl5.webp
mar7th2	三月七	巡猎	虚数	星穹列车	mar7th2.webp
danheng	丹恒	巡猎	风	星穹列车	danheng.webp
mar7th	三月七	存护	冰	星穹列车	mar7th.webp
rappa	乱破	智识	虚数	巡海游侠	rappa.webp
boothill	波提欧	巡猎	物理	巡海游侠	boothill.webp
acheron	黄泉	虚无	雷	巡海游侠	acheron.webp
gilgamesh	吉尔伽美什	毁灭	雷	异界	gilgamesh.webp
tohsakarin	远坂凛	智识	量子	异界	tohsakarin.webp
archer	Archer	巡猎	量子	异界	archer.webp
saber	Saber	毁灭	风	异界	saber.webp